first_name,last_name,password
Audry,Hendrickson,~R?P&kgTc>G>N1&_QLao
Charita,Whittleton,#Kh7h=A}HD=
Millard,Yankin,332nSaTp|`R#Z
Emylee,Aronoff,!+CNQI!~c{
Chris,Keyho,"p_(.G(y,H$"
Devan,Drake,<Yu})CA|5a!tDd
Vince,McKiddin,9AG@gk_<)i{Y.FsUWVeu
Miran,Quarterman,"g$8xu!,pzpR9Wd%KxUet"
Theo,Vido,.}K_WEa\_<Mk4(M%j
Kermy,Jannex,&ibT>bVc3g)dtqeZ
Darelle,Gresham,",vtl%`PWWpmx#8*@"
Onofredo,Butfield,"zPrTrY@_TjO""f2RiR|p"
Pancho,Froom,YNM.AUm<m6O
Verney,Turton,'<}m~&Q|h&OD
Orsola,Garnsey,np<Yh'7U5U%7N
Nelly,Kemitt,Vd%}*bA*y4~!y
Conant,Lough,"bk}7drbCZs.,~m@G"
Jocelyn,Devil,"}P?=h,}jmFrM"
Roobbie,Dallmann,iu>#sg>~DIb@HR22B
Byrle,France,5Nl+KpKaOamf1#fA
Aurea,Duddridge,(s)p_d8{+O'_onuD$K
Violet,Fermoy,&1lEycRp`%@
Sherie,Harhoff,4dJ}{)AWAH
Timothy,Mervyn,W<uozx3_4EDE/'u
Justin,Emmitt,I}fA<23BW/4|&)07
Livvyy,Muldoon,CL#Cs\h?FJE1'z|5&8
Dalenna,Lorenz,P?YCTv`PnX3bfr&SP
Alfie,Pringour,If3Pt.DJN&3WO~}
Valentijn,Andreolli,'T.H?$dW@f@gpGSfy)
Loree,Mathew,z37isc9E<C(')
Denys,Gregorowicz,"=kL1dUrKSI!,"
Rozanna,Sibylla,ODd>9au.`q
Mendie,Melato,@_nILKcBVTjYg&cR#J
Kale,Bingham,|>>%Tue{rjhEjzk\*3m
Erin,Preble,TZ1h\3n\<6De1?{E&
Emera,Savaage,"=A#T#i`@VfD""$UnV"
Tobe,Laviste,I)$S%qWKZX\iI}p(S}7
Fifine,Goatman,7w<6wH$l\qo
Madelyn,Picton,"""3(fi""2L~Fm"
Peria,Levinge,wIooZxnM7o?a=pCB{)LK
Padriac,Mackerel,9?&P59KoWk
Ripley,Mault,"5Y{5#c@Gx,x,!yzol"
Fidole,Kilborn,f03mD#(S$1Heoa<@C=L
Olenka,MacKain,"H\,otAJdp%sX=ts6Z<"
Zacharias,Harraway,=vx1~Z~cJEmx
Lindie,Gingles,=j~'~@fwHQF%78!d
Liuka,Spivey,"rh1,\RZCb}5k"
Haleigh,Bryce,8@MxX>o)`?Med0{X
Jule,Chisnell,rNe0zqZB+7
Jessie,Craft,t)WqW*T'VEjmhI7B7
Natale,Bales,>mUgC|0(`Me.P&yvsF
Matthew,Sangster,VsS.f'NHoU{S=z4`U
Gabi,Vannoort,<}6vgkLXN`/ToG{HP}2F
Gene,Gorler,YeZVd1?2R@Au
Terrye,Dyet,7(oV2?8P$S3zLB.9N
Stoddard,Chase,d<xapgfXB9W
Mill,Sywell,"Mky)NK/ZN,<!"
Clementius,Duval,7aG<}DeE${*t!dL!duFb
Deeyn,Gibbie,l#_IoRi+JeYyX&'?
Kevin,Chelley,1g08S(xp!h7
Gusta,Easthope,VJ)M?{NY'(0DOoB
Sid,Reiners,"A,O(L7P0iV(#XY99"
Timmy,Howsan,v4?)Z*\2dUX8
Constanta,Beacon,{7L!AR<XN8OHa_d=*O
Oby,Smallcombe,Yz3YPKVtl5
Ingemar,Benge,B4.Wm.B'n=ofeb%0
Giff,Garley,fFF+AR#koJc`
Stearn,Britnell,"xD*pGL,l/4gg@nCn&d"
Mariette,Davion,3B%l*m`=ZK
Nisse,Tayspell,U~5Po0XKifD
Juan,Scollick,VNrpW!WKIMAvDKD%Xipn
Itch,Gammage,EVA>dMiFxAItHT2\HDL
Lucienne,McCall,GFLd$|I$c_A?ufZ#uD
Viva,Skakunas,"eogUW('2Mwe{!N+y,+"
Arlana,Griffithe,Ux5ifxhi`gs*
Joel,Flecknell,",<#\9yqC`C0c=t0'"
Barry,Cattlow,`m<$I61r69
Adara,Tarpey,#9HXw~&e6>%@MGL
Selia,Arendt,",l,yEZ0}a6jT(?Cr$"
Dehlia,Deppen,"TeZrB&,.rv0Asz8@"
Damian,Pottage,"Sr<5Vkd_,TGhfR?p&"
Demetre,Winborn,Jbz*z0xWqXs
Wilden,Pignon,+qaa|ov8gG#8H
Piotr,Pinching,p\@Pa7)dR<1Q5
Aprilette,Iacomettii,vP3%@=tO/1PCwSp
Todd,Bunt,nN8($~w*5h>pH|}sx
Miran,Camamile,9~~.AF=$q=|
Keir,Sparks,A)7CS\.n8q}{g)w
Chelsy,Zmitrovich,xyjjyL>qEwwWmzrw3
Nelle,Hambleton,uBaN+I*@FARFwm\Vig`F
Doroteya,Cavell,SPDMgLVPo`P
Erminia,Etuck,}Jj4TLr}z}
Clim,Tuffley,"w/LRU,jgn63ncq"
Cesaro,Kleinberer,"UUN{b=*88>BH1QzYsj"""
Vonny,Tilly,Tz_e`c{h%#N(Sm
Locke,Huebner,J$N\lUJwy9.
Randi,Hof,52_`<<sU5a
Allister,Mignot,"5%*L=w9&""P5hEu\O5ln2"
Jaquenetta,Chapple,}$ynUu6fjVh
Penny,Rainard,JaL)jQ(cHUd
Pippy,Libreros,efT~YUGFUanP?K`
Thorstein,Dibdin,"zv38wej.UMzJ,ns"
Keen,Jakovijevic,CGew@&Fur$
Willie,Schule,"N9(Rr51TI""%~s>2?<c#}"
Rice,Cockland,"7\'Y""3'G`vC.Lbf{)`"
Sybilla,Dowty,"P6dk82?j6y(cdyN2r"""
Ozzy,Faust,Kie~p/7jBB!7L
Flori,Pech,{+anp7ql*m_Ss#7x.a
Swen,Elcox,oYNydw!\{c3uK2UKw'vt
Juieta,Fayerman,?QC%r2Wc/6R2xp
Averil,Gravell,}Z8f_9PqCE?fm%5h`v
Ewan,Fortin,}lttyt%<rGJ3Bn#q801T
Bab,Baudain,1.VDxle8P5
Jamaal,Ellsom,BFsO_DMZL\@
Elisabet,Mecozzi,=?xF=yWmS(.*1}?2AB
Jacquenette,Woan,{q0vB~(x>+@I{>D2%i+
Jaimie,Keohane,"WKmAcOSZ.I,bsm("
Sheffield,Jimson,6+cEtC\%7>4l*0wQXl5H
Traci,Cresar,v8i7?%(=P=+WP.0
Blayne,Benda,M'q`dmaee#O
Lottie,De Bruin,0/r&e/(zi`uY}xdF
Cullin,Wetherald,8Q1A&HDT){1YZQZ7~
Rock,Mawman,3Q6#9F=a/w~I(eA
Adams,Dumbelton,jGP>\`9nlaX/
Shalne,Thormann,"B,{j%_U#)@ga&>+"
Ulrika,Jakov,"(>g""1mwyL7)"
Angelique,Elliott,3/<jJtVno7t
Faber,Elegood,j29>8nv`Ey#IQ$bERZd
Robbert,Schrir,ry1PVMWLjF3QdZIL
Anastasia,Bellew,{DoiUkryvItGwc)o_{Y
Whittaker,McFfaden,WJCF{5E`$N
Patton,Suffe,"r+&G0ng""dB!bhR%q!zW"
Vallie,Skelton,ySaW|JxO6%I3
Trula,Heibl,zLp~OS<~Z3XjL{`X}.!3
Elsie,McDaid,+o.D/cj/T=Ms
Jonathan,Rubinowitz,GCbpi$J~bdFK8+$x
Brander,Bosden,"(kzLW,tJ4fMjAZ"
Sylas,Pharaoh,"M6u%Vs5Y7@Q,?x"
Willard,Murkitt,5z!lYR~qkeKwRU%jY
Heidie,Omond,|0&&40L>9/
Daryl,Fullick,"RIYK#F,)oj3q$(l{|"
Ignacio,Fundell,"qkQapD|K""x{BW8Fe5'"
Olivero,Waldocke,3@gdtaiS&P|>N!
Heath,Challiss,I.5USxeOyF.GS>PVu
Mignonne,Wesgate,SMX7HMbxza5Y
Tedmund,Norval,'BJ?EI_5BZT8
Raven,De Fries,*UTF?&$XwY${xi&
Efren,Stapforth,%4}6Uc{2B&>/Mf
Barby,Mousby,xCYlt\&4oE{BoH|
Burl,Laundon,"Hr0I<94""Gc|ZcJjKvHjO"
Walsh,Eckart,8ZuW\@9o{oLqYG
Hogan,Follet,"(A?Hv@,7ZOmI&W%O"
Brewer,Finch,$T'AP\jwz@6!l$`PQ).
Milton,Guidera,+o42RfC/.koO4jlsgW~d
Bronnie,Abberley,\ArkGZivzs8|v\aJ~
Monique,Broadbridge,fU>@%}tZqkQ}kJT}=9T
Claresta,Deavin,D0HH\>P\AK8UCq.GeivF
Maribel,Limbrick,"&wO|3@<C~D""/"
Loraine,Hanbury,}!1DGx4akpo3
Cherye,O'Donnelly,E\?|ftwETQ44f*XMd2
Christie,Mildenhall,P3F/QXhu!OWTl2
Othelia,Tomik,CCsyT6/idM'
Susannah,Blacksland,&5/f{Ud3f+sN
Rois,Champerlen,Mm'rFpy|8D69zd
Rasia,McMylor,Pk6x}/qecCIV+|
Mac,Crother,"y~""QPoo8e8jt`u9D""N"
Tamqrah,Beckerleg,"{A%Nn#""KQj*y?J*yO"
Gusti,Blesing,y|+VHUHx$C
Karena,McShane,SH+i6N`D0W7gi
Rriocard,Sperring,DZ<X0U6*Wym+
Audrey,Raccio,ykyb}7V$m=dhFaA
Ambrosi,Easum,"?tN1<7Iex!am{,1z#Z"
Rory,Wickey,",Wo)d/RPMnndW4'"
Kora,Boyce,{.zZC#NpDn)?
Charlena,But,?KIKnPAVq#B}.7*G$
Marty,Dorrian,#!`b}%rSWOR}+&m
Pattie,Faughey,As$qsywR.ohEe~
Nathanial,Gasgarth,D3I.gLi@~OB5l2#W
Rosanne,Gove,C=hT$8kNEBS
Joelie,Basterfield,"2Za)lu>\nscJ,GRv"
Sharron,Heinzler,"Qf0(v'r""r%D=qvo"
Abbe,Gossipin,Md|vO~lVNw!
Sayre,Lusher,"KA{6nJ8$"")Vcm@me"
Felipe,Hail,{iBS\i|3u$m2wEC)S
Agata,Mattheeuw,7z!swO(C4?bbhO%j'H.F
Almire,Alder,=dxg'P5#?\dWd
Paulo,Burr,W{zHM~@bSh
Mayne,Bladen,"dX?G4tr,0v'Z73jwV\"
Sonnie,Shickle,iF?Q*dt}cG
Sylvester,Maisey,"*+i""nXCD<m0aKr6`e"
Gardener,Kadwallider,GrycsK1J%M`BX
Fredelia,Wrate,"?4.sx',}MRpl"
Lilith,Childe,"J?tCUd,x32F|Yw`,"
Ruby,Penfold,"`tO$e9V7D_~WnA|e,N"
Welby,Charrette,sdIB})Q?aOMR_b
Sonya,Haselden,"R%fWoSKn_<Y.6""619+$0"
Wallas,Gregolotti,"!5KpPN0t,t43bd{k4Q"
Cletus,Thaller,C8<Pe{g<7k|Jfde'
Tressa,Ormiston,jTuS=JH&K87|xF#?Z_
Ody,Radbourn,FIGL7H<{d8
Liesa,Vaadeland,"bD#E=Z\q$a+A`""UL9bU"
Crissie,Popple,_R%n|kiK6Wjs
Ediva,Ziebart,eoG0D_GDXGG+<2%=+
Karoly,Kliment,6|!G_~j>?8Z
Brigham,Hammonds,}e>JY?JcnukQ
Wileen,Donald,"=JB>gq5+%,>{>9?("
Stefanie,Sinney,"zskKdpJaerrdv,"
Reuben,Mayworth,$V9DhcQZcQ+m4
Berne,Emma,Gb?fLl$h5HBC!kE
Patrice,Skelbeck,7}q*#yTYXjH'.&(K(
